Register number,Species,Morphotype,Horizon,Study area,Section,Locality,Reference,Coiling direction,Remarks
KMNH IvP 900071,"Didymoceras morozumii Misaki & Tsujino, 2021",I or II,A,B,3,Float rock at locality S11 of Misaki & Tsujino (2021),Misaki & Tsujino (2021),Dextral,The loose helical stage and the early part of the main coiled stage are preserved. The morphotype could not be determined because the retroversal hook is not preserved.
KMNH IvP 900072,"Didymoceras morozumii Misaki & Tsujino, 2021",I or II,A,B,3,Float rock at locality S11 of Misaki & Tsujino (2021),Misaki & Tsujino (2021),Dextral,The main coiled stage is preserved. The morphotype could not be determined because the retroversal hook is not preserved.
KMNH IvP 900073,"Didymoceras morozumii Misaki & Tsujino, 2021",I,A,B,3,Locality S9 of Misaki & Tsujino (2021),Misaki & Tsujino (2021),Sinistral,The main coiled stage and the early part of the retroversal hook are preserved.
KMNH IvP 900074,"Didymoceras morozumii Misaki & Tsujino, 2021",I?,A,B,3,Float concretion at locality S13 of Misaki & Tsujino (2021),Misaki & Tsujino (2021),Sinistral,The main coiled stage and the later part of the retroversal hook are partially preserved. The morphotype could not be certainly determined because the early part of the retroversal hook is not preserved.
OMNH MI-3151,"Didymoceras morozumii Misaki & Tsujino, 2021",I,A,B,3,Kurokawa,Misaki & Tsujino (2021),Dextral,The main coiled stage and the retroversal hook are preserved.
OMNH MI-3152,"Didymoceras morozumii Misaki & Tsujino, 2021",I,A,B,3,Locality S5 of Misaki & Tsujino (2021),Misaki & Tsujino (2021),Dextral,The main coiled stage and the retroversal hook are preserved.
OMNH MI-3153,"Didymoceras morozumii Misaki & Tsujino, 2021",I,A,B,3,Locality S3 of Misaki & Tsujino (2021),Misaki & Tsujino (2021),Sinistral,The main coiled stage and the retroversal hook are preserved.
OMNH MI-3154,"Didymoceras morozumii Misaki & Tsujino, 2021",II?,A,B,3,Locality S9 of Misaki & Tsujino (2021),Misaki & Tsujino (2021),Sinistral,"The late part of the main coiled stage and most of the retroversal hook are preserved. However, the part of the retroversal hook is not preserved (it is secondarily restored by the collector), and the morphotype could not be certainly determined."
OMNH MI-3155,"Didymoceras morozumii Misaki & Tsujino, 2021",I,A,B,3,Locality S3 of Misaki & Tsujino (2021),Misaki & Tsujino (2021),Dextral,The main coiled stage and the retroversal hook are preserved. This specimen has a relatively low elevated apertural end.
OMNH MI-3156,"Didymoceras morozumii Misaki & Tsujino, 2021",I or II,A,B,3,Kurokawa,Misaki & Tsujino (2021),Dextral,The main coiled stage is preserved. The morphotype could not be determined because the retroversal hook is not preserved.
OMNH MI-3157,"Didymoceras morozumii Misaki & Tsujino, 2021",I or II,A,B,3,Kurokawa,Misaki & Tsujino (2021),Unknown,The main coiled stage and the retroversal hook are fragmentally preserved. The morphotype could not be determined due to its mode of preservation.
OMNH MI-3158,"Didymoceras morozumii Misaki & Tsujino, 2021",I,A,B,3,Kurokawa,Misaki & Tsujino (2021),Dextral,The main coiled stage and the retroversal hook are preserved.
OMNH MI-3160,"Didymoceras morozumii Misaki & Tsujino, 2021",II,A,B,3,Locality S3 of Misaki & Tsujino (2021),Misaki & Tsujino (2021),Dextral,The main coiled stage and the retroversal hook are preserved.
OMNH MI-3161,"Didymoceras morozumii Misaki & Tsujino, 2021",I,A,B,3,Kurokawa,Misaki & Tsujino (2021),Dextral,The late part of the main coiled stage and the early part of the retroversal hook are preserved.
OMNH MI-3162,"Didymoceras morozumii Misaki & Tsujino, 2021",I or II,A,B,3,Omatsu,Misaki & Tsujino (2021),Dextral,The loose helical and main coiled stage are fragmentally preserved. The morphotype could not be determined because the retroversal hook is not preserved.
OMNH MI-3163,"Didymoceras morozumii Misaki & Tsujino, 2021",II?,A,B,3,Omatsu,Misaki & Tsujino (2021),Sinistral,"The main coiled stage and the retroversal hook are preserved. However, the part of this specimen is eroded away before recovery, and the original positional relationship between the main coiled stage and the retroversal hook is indeterminable. Therefore, the morphotype could not be certainly determined."
OMNH MI-3164,"Didymoceras morozumii Misaki & Tsujino, 2021",II,A,B,3,Locality S9 of Misaki & Tsujino (2021),Misaki & Tsujino (2021),Sinistral,The main coiled stage and the retroversal hook are preserved.
TKPM.GFI1610,"Didymoceras morozumii Misaki & Tsujino, 2021",I or II,A,B,3,Kurokawa,Misaki & Tsujino (2021),Sinistral,"The main coiled stage and the retroversal hook are preserved. However, there is deformation in the early part of the retroversal hook, and the morphotype could not be determined."
TKPM.GFI1611,"Didymoceras morozumii Misaki & Tsujino, 2021",I,A,B,3,Kurokawa,Misaki & Tsujino (2021),Sinistral,The main coiled stage and the early part of the retroversal hook are preserved.
TKPM.GFI1612,"Didymoceras morozumii Misaki & Tsujino, 2021",I or II,A,B,3,Kurokawa,Misaki & Tsujino (2021),Sinistral,The loose helical stage and the early part of the main coiled stage are preserved. The morphotype could not be determined because the retroversal hook is not preserved.
TKPM.GFI1614,"Didymoceras morozumii Misaki & Tsujino, 2021",I,A,B,3,Kurokawa,Misaki & Tsujino (2021),Sinistral,The main coiled stage and the retroversal hook are preserved.
TKPM.GFI1618,"Didymoceras morozumii Misaki & Tsujino, 2021",I,A,B,3,Kurokawa,Misaki & Tsujino (2021),Dextral,The main coiled stage and the early part of the retroversal hook are preserved.
TKPM.GFI1620,"Didymoceras morozumii Misaki & Tsujino, 2021",I,A,B,3,Kurokawa,Misaki & Tsujino (2021),Sinistral,The main coiled stage and the retroversal hook are preserved.
TKPM.GFI1621,"Didymoceras morozumii Misaki & Tsujino, 2021",I,A,B,3,Kurokawa,Misaki & Tsujino (2021),Sinistral,The late part of the main coiled stage and the retroversal hook are preserved.
TKPM.GFI1622,"Didymoceras morozumii Misaki & Tsujino, 2021",I or II,A,B,3,Kurokawa,Misaki & Tsujino (2021),Sinistral,"The late part of the main coiled stage and the retroversal hook are preserved. However, the morphotype could not be determined because of the deformation."
TKPM.GFI1623,"Didymoceras morozumii Misaki & Tsujino, 2021",I or II,A,B,3,Kurokawa,Misaki & Tsujino (2021),Dextral,The main coiled stage is preserved. The morphotype could not be determined because the retroversal hook is not preserved.
TKPM.GFI1625,"Didymoceras morozumii Misaki & Tsujino, 2021",I or II,A,B,3,Kurokawa,Misaki & Tsujino (2021),Sinistral,The main coiled stage is preserved. The morphotype could not be determined because the retroversal hook is not preserved.
TKPM.GFI1626,"Didymoceras morozumii Misaki & Tsujino, 2021",I or II,A,B,3,Kurokawa,Misaki & Tsujino (2021),Dextral,The loose helical stage and the early part of the main coiled stage are preserved. The morphotype could not be determined because the retroversal hook is not preserved.
TKPM.GFI1627,"Didymoceras morozumii Misaki & Tsujino, 2021",I or II,A,B,3,Kurokawa,Misaki & Tsujino (2021),Unknown,The loose helical and main coiled stages are fragmentally preserved. The morphotype could not be determined because the retroversal hook is not preserved.
TKPM.GFI1639,"Didymoceras morozumii Misaki & Tsujino, 2021",I,A,B,3,Kurokawa,"Morozumi (2007), Misaki & Tsujino (2021)",Sinistral,The main coiled stage and the retroversal hook are preserved.
TKPM.GFI1722,"Didymoceras morozumii Misaki & Tsujino, 2021",I,A,B,3,Kurokawa,Misaki & Tsujino (2021),Dextral,The main coiled stage and the retroversal hook are preserved.
TKPM.GFI1723,"Didymoceras morozumii Misaki & Tsujino, 2021",I or II,A,B,3,Kurokawa,Misaki & Tsujino (2021),Sinistral,The loose helical and main coiled stages are fragmentally preserved. The morphotype could not be determined because the retroversal hook is not preserved.
TKPM.GFI1727,"Didymoceras morozumii Misaki & Tsujino, 2021",I or II,A,B,3,Kurokawa,Misaki & Tsujino (2021),Sinistral,The deformed loose helical stage? is preserved. The morphotype could not be determined because the main coiled stage and the retroversal hook are not preserved.
TKPM.GFI1829,"Didymoceras morozumii Misaki & Tsujino, 2021",I,A,B,3,Kurokawa,Misaki & Tsujino (2021),Dextral,The main coiled stage and the retroversal hook are preserved.
TKPM.GFI5002,"Didymoceras morozumii Misaki & Tsujino, 2021",I,A,B,3,Kurokawa,Misaki & Tsujino (2021),Dextral,The main coiled stage and the retroversal hook are preserved.
TKPM.GFI5003,"Didymoceras morozumii Misaki & Tsujino, 2021",I,A,B,3,Kurokawa,Misaki & Tsujino (2021),Dextral,The late part of the main coiled stage and the retroversal hook are preserved.
TKPM.GFI5004,"Didymoceras morozumii Misaki & Tsujino, 2021",I,A,B,3,Kurokawa,Misaki & Tsujino (2021),Dextral,The late part of the main coiled stage and the retroversal hook are preserved.
TKPM.GFI5005,"Didymoceras morozumii Misaki & Tsujino, 2021",I,A,B,3,Kurokawa,Misaki & Tsujino (2021),Sinistral,The late part of the main coiled stage and the retroversal hook are preserved.
TKPM.GFI5006,"Didymoceras morozumii Misaki & Tsujino, 2021",I or II,A,B,3,Kurokawa,Misaki & Tsujino (2021),Dextral,The loose helical and main coiled stages are preserved. The morphotype could not be determined because the retroversal hook is not preserved.
TKPM.GFI5007,"Didymoceras morozumii Misaki & Tsujino, 2021",I or II,A,B,3,Kurokawa,Misaki & Tsujino (2021),Dextral,The loose helical and main coiled stages are preserved. The morphotype could not be determined because the retroversal hook is not preserved.
TKPM.GFI5495,"Didymoceras morozumii Misaki & Tsujino, 2021",I,A,B,3,Kurokawa,Misaki & Tsujino (2021),Sinistral,The main coiled stage and the retroversal hook are preserved.
TKPM.GFI7047,"Didymoceras morozumii Misaki & Tsujino, 2021",I,A,B,3,Locality S13 of Misaki & Tsujino (2021),Misaki & Tsujino (2021),Sinistral,The late part of the main coiled stage and the early part of the retroversal hook are preserved.
TKPM.GFI7063,"Didymoceras morozumii Misaki & Tsujino, 2021",I or II,A,B,3,Locality S8 of Misaki & Tsujino (2021),Misaki & Tsujino (2021),Sinistral,The main coiled stage and the retroversal hook are fragmentally preserved. The morphotype could not be determined due to its mode of preservation.
TKPM.GFI7070,"Didymoceras morozumii Misaki & Tsujino, 2021",I or II,A,B,3,Locality S9 of Misaki & Tsujino (2021),Misaki & Tsujino (2021),Unknown,The shell fragment is preserved. The morphotype could not be determined due to its mode of preservation.
TKPM.GFI7073,"Didymoceras morozumii Misaki & Tsujino, 2021",I,A,B,3,Locality S11 of Misaki & Tsujino (2021),Misaki & Tsujino (2021),Sinistral,The external mould of the main coiled stage and the retroversal hook are preserved.
TKPM.GFI7088,"Didymoceras morozumii Misaki & Tsujino, 2021",I,A,B,3,Onara,Misaki & Tsujino (2021),Dextral,The deformed loose helical and main coiled stages and the retroversal hook are preserved.
TKPM.GFI7092,"Didymoceras morozumii Misaki & Tsujino, 2021",I or II,A,B,3,Locality S2 of Misaki & Tsujino (2021),Misaki & Tsujino (2021),Dextral,The deformed loose helical stage is preserved. The morphotype could not be determined because the main coiled stage and the retroversal hook are not preserved.
TKPM.GFI7103,"Didymoceras morozumii Misaki & Tsujino, 2021",I or II,A,B,3,Locality S4 of Misaki & Tsujino (2021),Misaki & Tsujino (2021),Dextral,The main coiled stage is preserved. The morphotype could not be determined because the retroversal hook is not preserved.
TKPM.GFI7110,"Didymoceras morozumii Misaki & Tsujino, 2021",I or II,A,B,3,Locality S7 of Misaki & Tsujino (2021),Misaki & Tsujino (2021),Dextral,The loose helical and main coiled stages are preserved. The morphotype could not be determined because the retroversal hook is not preserved.
TKPM.GFI7116,"Didymoceras morozumii Misaki & Tsujino, 2021",I,A,B,3,Kurokawa,Misaki & Tsujino (2021),Sinistral,The late part of the main coiled stage and the early part of the retroversal hook are preserved.
TKPM.GFI7117,"Didymoceras morozumii Misaki & Tsujino, 2021",I or II,A,B,3,Locality S1 of Misaki & Tsujino (2021),Misaki & Tsujino (2021),Dextral,The main coiled stage is preserved. The morphotype could not be determined because the retroversal hook is not preserved.
TKPM.GFI7119,"Didymoceras morozumii Misaki & Tsujino, 2021",II,A,B,3,Locality S11 of Misaki & Tsujino (2021),Misaki & Tsujino (2021),Dextral,The late part of the main coiled stage and the retroversal hook are preserved.
TKPM.GFI7120,"Didymoceras morozumii Misaki & Tsujino, 2021",I,A,B,3,Locality S12 of Misaki & Tsujino (2021),Misaki & Tsujino (2021),Sinistral,"The late part of the main coiled stage, the early part of the retroversal hook and the external mould of the late part of the retroversal hook are preserved."
TKPM.GFI7122,"Didymoceras morozumii Misaki & Tsujino, 2021",I,A,B,3,Locality S4 of Misaki & Tsujino (2021),Misaki & Tsujino (2021),Dextral,The late part of the main coiled stage and the retroversal hook are preserved.
TKPM.GFI7123,"Didymoceras morozumii Misaki & Tsujino, 2021",I,A,B,3,Locality S4 of Misaki & Tsujino (2021),Misaki & Tsujino (2021),Sinistral,The main coiled stage and the retroversal hook are preserved. [Holotype] 
KMNH IvP 900041,"Didymoceras awajiense (Yabe, 1901)",III,B,A,1,"Locality 0708 of Misaki & Maeda (2009, 2010)","Misaki & Maeda (2009, 2010), Misaki et al. (2014)",Two dextral individuals and one sinistral individual,The main coiled stages of three individuals are preserved in a concretion.
KMNH IvP 900046,"Didymoceras awajiense (Yabe, 1901)",III,B,A,1,"Locality 0708 of Misaki & Maeda (2009, 2010)","Misaki & Maeda (2009, 2010), Misaki et al. (2014)",Dextral,The late part of the main coiled stage and the retroversal hook are preserved.
KMNH IvP 900062,"Didymoceras awajiense (Yabe, 1901)",III,B,A,1,"Locality 0708 of Misaki & Maeda (2009, 2010)","Misaki & Maeda (2009, 2010), Misaki et al. (2014)",Sinistral,The main coiled stage and the retroversal hook are preserved.
KMNH IvP 900063,"Didymoceras awajiense (Yabe, 1901)",III,B,A,1,Float concretion of the Valley O-2 of Misaki & Maeda (2009),"Misaki & Maeda (2009, 2010), Misaki et al. (2014)",Dextral,The main coiled stage and the retroversal hook are preserved.
KMNH IvP 900064,"Didymoceras awajiense (Yabe, 1901)",III,B,A,1,"Locality 0406 of Misaki & Maeda (2009, 2010)","Misaki & Maeda (2009, 2010), Misaki et al. (2014)",Sinistral,The main coiled stage and the retroversal hook are preserved.
KMNH IvP 900065,"Didymoceras awajiense (Yabe, 1901)",III,B,A,1,"Locality 0706 of Misaki & Maeda (2009, 2010)","Misaki & Maeda (2009, 2010), Misaki et al. (2014)",Sinistral,The main coiled stage and the part of the retroversal hook are preserved.
KMNH IvP 900066,"Didymoceras awajiense (Yabe, 1901)",III,B,A,1,"Locality 0708 of Misaki & Maeda (2009, 2010)","Misaki & Maeda (2009, 2010), Misaki et al. (2014)",Dextral,The main coiled stage and the retroversal hook are preserved.
KMNH IvP 900067,"Didymoceras awajiense (Yabe, 1901)",III?,B,A,1,"Locality 0708 of Misaki & Maeda (2009, 2010)","Misaki & Maeda (2009, 2010), Misaki et al. (2014)",Dextral,The retroversal hook is preserved. The morphotype could not be certainly determined because the main coiled stage is scarcely preserved.
WMNH-Ge-1140210308,"Didymoceras awajiense (Yabe, 1901)",III,B,A,1,"Locality 0706 of Misaki & Maeda (2009, 2010)","Misaki & Maeda (2009, 2010), Misaki et al. (2014)",Dextral,The main coiled stage and the retroversal hook are preserved.
WMNH-Ge-1140210313,"Didymoceras awajiense (Yabe, 1901)",III,B,A,1,"Locality 0708 of Misaki & Maeda (2009, 2010)","Misaki & Maeda (2009, 2010), Misaki et al. (2014)",Sinistral,The main coiled stage and the retroversal hook are preserved.
WMNH-Ge-1140210440,"Didymoceras awajiense (Yabe, 1901)",III?,B,A,1,"Locality 0706 of Misaki & Maeda (2009, 2010)","Misaki & Maeda (2009, 2010), Misaki et al. (2014)",Dextral,"The main coiled stage and the retroversal hook are fragmentally preserved. However, the morphotype could not be certainly determined due to the mode of preservation of the main coiled stage."
WMNH-Ge-1140210789,"Didymoceras awajiense (Yabe, 1901)",III?,B,A,1,Float concretion of the Valley O-2 of Misaki & Maeda (2009),"Misaki & Maeda (2009, 2010), Misaki et al. (2014)",Sinistral,The tight helical stage and the early part of the main coiled stage are preserved. The morphotype could not be certainly determined because the main coiled stage is not preserved sufficiently.
WMNH-Ge-1140210797,"Didymoceras awajiense (Yabe, 1901)",III,B,A,1,"Around localities 0701-0708 of Misaki & Maeda (2009, 2010)","Misaki & Maeda (2009, 2010), Misaki et al. (2014)",Sinistral,The main coiled stage is preserved.
WMNH-Ge-1140210804,"Didymoceras awajiense (Yabe, 1901)",III,B,A,1,"Around localities 0701-0708 of Misaki & Maeda (2009, 2010)","Misaki & Maeda (2009, 2010), Misaki et al. (2014)",Sinistral,The main coiled stage and the retroversal hook are preserved.
WMNH-Ge-1140210805,"Didymoceras awajiense (Yabe, 1901)",III,B,A,1,"Locality 0704 of Misaki & Maeda (2009, 2010)","Misaki & Maeda (2009, 2010), Misaki et al. (2014)",Dextral,The late part of the main coiled stage and the retroversal hook are preserved.
WMNH-Ge-1140210807,"Didymoceras awajiense (Yabe, 1901)",III,B,A,1,"Locality 0707 of Misaki & Maeda (2009, 2010)","Misaki & Maeda (2009, 2010), Misaki et al. (2014)",Dextral,The main coiled stage and the retroversal hook are preserved.
WMNH-Ge-1140210808,"Didymoceras awajiense (Yabe, 1901)",III?,B,A,1,"Around localities 0701-0708 of Misaki & Maeda (2009, 2010)","Misaki & Maeda (2009, 2010), Misaki et al. (2014)",Dextral,"The part of main coiled stage and the retroversal hook are preserved. However, the morphotype could not be certainly determined due to the mode of preservation of the main coiled stage."
WMNH-Ge-1140210815,"Didymoceras awajiense (Yabe, 1901)",III,B,A,1,"Locality 0707 of Misaki & Maeda (2009, 2010)","Misaki & Maeda (2009, 2010), Misaki et al. (2014)",Sinistral,The main coiled stage and the retroversal hook are preserved.
WMNH-Ge-1140210816a,"Didymoceras awajiense (Yabe, 1901)",III,B,A,1,"Locality 0405 of Misaki & Maeda (2009, 2010)","Misaki & Maeda (2009, 2010), Misaki et al. (2014)",Dextral,The main coiled stage and the retroversal hook are preserved.
WMNH-Ge-1140210816b,"Didymoceras awajiense (Yabe, 1901)",III,B,A,1,"Locality 0405 of Misaki & Maeda (2009, 2010)","Misaki & Maeda (2009, 2010), Misaki et al. (2014)",Sinistral,The main coiled stage and the retroversal hook are preserved.
WMNH-Ge-1140210817,"Didymoceras awajiense (Yabe, 1901)",III,B,A,1,"Around localities 0701-0708 of Misaki & Maeda (2009, 2010)","Misaki & Maeda (2009, 2010), Misaki et al. (2014)",Dextral,The main coiled stage is preserved.
WMNH-Ge-1140210818,"Didymoceras awajiense (Yabe, 1901)",III,B,A,1,"Around localities 0701-0708 of Misaki & Maeda (2009, 2010)","Misaki & Maeda (2009, 2010), Misaki et al. (2014)",Dextral,The main coiled stage is preserved.
WMNH-Ge-1140210821,"Didymoceras awajiense (Yabe, 1901)",III,B,A,1,"Around localities 0701-0708 of Misaki & Maeda (2009, 2010)","Misaki & Maeda (2009, 2010), Misaki et al. (2014)",Dextral,The main coiled stage and the retroversal hook are preserved.
WMNH-Ge-1140210822,"Didymoceras awajiense (Yabe, 1901)",III,B,A,1,"Around localities 0701-0708 of Misaki & Maeda (2009, 2010)","Misaki & Maeda (2009, 2010), Misaki et al. (2014)",Sinistral,The part of the main coiled stage is preserved.
WMNH-Ge-1140210823,"Didymoceras awajiense (Yabe, 1901)",III,B,A,1,"Around localities 0701-0708 of Misaki & Maeda (2009, 2010)","Misaki & Maeda (2009, 2010), Misaki et al. (2014)",Dextral,The late part of the main coiled stage and the retroversal hook are preserved.
WMNH-Ge-1140210824,"Didymoceras awajiense (Yabe, 1901)",III,B,A,1,"Around localities 0701-0708 of Misaki & Maeda (2009, 2010)","Misaki & Maeda (2009, 2010), Misaki et al. (2014)",Dextral,The main coiled stage and the retroversal hook are preserved.
WMNH-Ge-1140210825,"Didymoceras awajiense (Yabe, 1901)",III,B,A,1,"Around localities 0701-0708 of Misaki & Maeda (2009, 2010)","Misaki & Maeda (2009, 2010), Misaki et al. (2014)",Dextral,The late part of the main coiled stage and the retroversal hook are preserved.
WMNH-Ge-1140210828,"Didymoceras awajiense (Yabe, 1901)",III,B,A,1,Float concretion of the Valley O-2 of Misaki & Maeda (2009),"Misaki & Maeda (2009, 2010), Misaki et al. (2014)",Sinistral,The main coiled stage and the retroversal hook are preserved. This specimen has very large shell size.
WMNH-Ge-1140210829,"Didymoceras awajiense (Yabe, 1901)",III,B,A,1,"Locality 0707 of Misaki & Maeda (2009, 2010)","Misaki & Maeda (2009, 2010), Misaki et al. (2014)",Sinistral,The late part of the main coiled stage and the early part of the retroversal hook are preserved.
WMNH-Ge-1140210830,"Didymoceras awajiense (Yabe, 1901)",III,B,A,1,"Locality 0706 of Misaki & Maeda (2009, 2010)","Misaki & Maeda (2009, 2010), Misaki et al. (2014)",Sinistral,The main coiled stage and the retroversal hook are preserved. This specimen has very small shell size.
KMNH IvP 900075,"Didymoceras awajiense (Yabe, 1901)",III?,B,B,4,Locality S14 of Misaki & Tsujino (2021),Misaki & Tsujino (2021),Sinistral,The tight helical stage and the early part of the main coiled stage are preserved. The morphotype could not be certainly determined because the main coiled stage is not preserved sufficiently.
KMNH IvP 900076,"Didymoceras awajiense (Yabe, 1901)",III,B,B,4,Locality S14 of Misaki & Tsujino (2021),Misaki & Tsujino (2021),Dextral,The main coiled stage is preserved.
KMNH IvP 900077,"Didymoceras awajiense (Yabe, 1901)",III?,B,B,4,Locality S14 of Misaki & Tsujino (2021),Misaki & Tsujino (2021),Dextral,The deformed main coiled stage is preserved. The morphotype could not be certainly determined due to the mode of preservation.
KMNH IvP 900078,"Didymoceras awajiense (Yabe, 1901)",III?,B,B,4,Locality S14 of Misaki & Tsujino (2021),Misaki & Tsujino (2021),Sinistral,The deformed main coiled stage is preserved. The morphotype could not be certainly determined due to the mode of preservation.
KMNH IvP 900079,"Didymoceras awajiense (Yabe, 1901)",III,B,B,4,Locality S14 of Misaki & Tsujino (2021),Misaki & Tsujino (2021),Sinistral,The main coiled stage is preserved.
KMNH IvP 900080,"Didymoceras awajiense (Yabe, 1901)",III,B,B,4,Locality S15 of Misaki & Tsujino (2021),Misaki & Tsujino (2021),Sinistral,The late part of the main coiled stage and the retroversal hook are preserved.
OMNH MI-3159,"Didymoceras awajiense (Yabe, 1901)",III,B,B,4,Senzoku,Misaki & Tsujino (2021),Sinistral,The main coiled stage and the late part of the retroversal hook are preserved. The early part of the retroversal hook is secondarily restored by the collector.
OMNH MI-3165,"Didymoceras awajiense (Yabe, 1901)",III?,B,B,4,Senzoku,Misaki & Tsujino (2021),Sinistral,"The late part of the main coiled stage and the retroversal hook are preserved. However, the morphotype could not be certainly determined because of the deformation."
OMNH MI-3166,"Didymoceras awajiense (Yabe, 1901)",III,B,B,4,Senzoku,Misaki & Tsujino (2021),Sinistral,The main coiled stage is preserved.
TKPM.GFI1659,"Didymoceras awajiense (Yabe, 1901)",III,B,B,4,Locality S14 of Misaki & Tsujino (2021),"Morozumi (2007), Misaki & Tsujino (2021)",Dextral,The main coiled stage is preserved.
TKPM.GFI1667,"Didymoceras awajiense (Yabe, 1901)",III?,B,B,4,Locality S14 of Misaki & Tsujino (2021),Misaki & Tsujino (2021),Sinistral,The tight helical stage is preserved. The morphotype could not be certainly determined because the main coiled stage is not preserved.
TKPM.GFI1668,"Didymoceras awajiense (Yabe, 1901)",III?,B,B,4,Locality S14 of Misaki & Tsujino (2021),Misaki & Tsujino (2021),Sinistral,The tight helical stage is preserved. The morphotype could not be certainly determined because the main coiled stage is not preserved.
TKPM.GFI1678,"Didymoceras awajiense (Yabe, 1901)",III,B,B,4,Sakamoto,Misaki & Tsujino (2021),Sinistral,The main coiled stage and the retroversal hook are preserved.
TKPM.GFI1695,"Didymoceras awajiense (Yabe, 1901)",III,B,B,4,Sakamoto,Misaki & Tsujino (2021),Sinistral,The main coiled stage is preserved.
TKPM.GFI1831,"Didymoceras awajiense (Yabe, 1901)",III?,B,B,4,Sakamoto,Misaki & Tsujino (2021),Dextral,The latest part of the loose helical stage and the tight helical stage are preserved. The morphotype could not be certainly determined because the main coiled stage is not preserved.
TKPM.GFI7045,"Didymoceras awajiense (Yabe, 1901)",III?,B,B,4,Minamino,Misaki & Tsujino (2021),Unknown,The external mould of the tight helical stage is preserved. The morphotype could not be certainly determined because the main coiled stage is not preserved.
TKPM.GFI7049,"Didymoceras awajiense (Yabe, 1901)",III?,B,B,4,Locality S14 of Misaki & Tsujino (2021),Misaki & Tsujino (2021),Sinistral,The tight helical stage and the early part of the main coiled stage are preserved. The morphotype could not be certainly determined because the main coiled stage is not preserved sufficiently.
KMNH IvP 900048,"Didymoceras awajiense (Yabe, 1901)",III or IV,C,A,2,"Around localities 1101-1110 of Misaki & Maeda (2009, 2010)","Misaki & Maeda (2009, 2010), Misaki et al. (2014)",Sinistral,"The part of the main coiled stage and the retroversal hook are preserved. However, the morphotype could not be determined because the main coiled stage is not preserved sufficiently."
KMNH IvP 900061,"Didymoceras awajiense (Yabe, 1901)",IV or V,C,A,2,"Locality 1102 of Misaki & Maeda (2009, 2010)","Misaki & Maeda (2009, 2010), Misaki et al. (2014)",Sinistral,The main coiled stage is preserved. The morphotype could not be determined because the retroversal hook is not preserved.
WMNH-Ge-1140210316,"Didymoceras awajiense (Yabe, 1901)",V,C,A,2,"Locality 1110 of Misaki & Maeda (2009, 2010)","Misaki & Maeda (2009, 2010), Misaki et al. (2014)",Dextral,The main coiled stage and the retroversal hook are preserved.
WMNH-Ge-1140210317,"Didymoceras awajiense (Yabe, 1901)",III,C,A,2,"Locality 1110 of Misaki & Maeda (2009, 2010)","Misaki & Maeda (2009, 2010), Misaki et al. (2014)",Dextral,The main coiled stage and the retroversal hook are preserved.
WMNH-Ge-1140210826,"Didymoceras awajiense (Yabe, 1901)",IV,C,A,2,"Locality 1111 of Misaki & Maeda (2009, 2010)","Misaki & Maeda (2009, 2010), Misaki et al. (2014)",Sinistral,The part of the main coiled stage and the external mould of the retroversal hook are preserved.
WMNH-Ge-1140210827a,"Didymoceras awajiense (Yabe, 1901)","III, IV or V",C,A,2,"Locality 1110 of Misaki & Maeda (2009, 2010)","Misaki & Maeda (2009, 2010), Misaki et al. (2014)",Sinistral,"The main coiled stage and the retroversal hook are preserved. However, this specimen is strongly deformed, and the morphotype could not be determined."
WMNH-Ge-1140210827b,"Didymoceras awajiense (Yabe, 1901)",III or IV,C,A,2,"Locality 1110 of Misaki & Maeda (2009, 2010)","Misaki & Maeda (2009, 2010), Misaki et al. (2014)",Dextral,"The main coiled stage and the retroversal hook are preserved. However, this specimen is strongly deformed, and the morphotype could not be determined."
WMNH-Ge-1140210827c,"Didymoceras awajiense (Yabe, 1901)","III, IV or V",C,A,2,"Locality 1110 of Misaki & Maeda (2009, 2010)","Misaki & Maeda (2009, 2010), Misaki et al. (2014)",Dextral,"The main coiled stage and the retroversal hook are preserved. However, this specimen is strongly deformed, and the morphotype could not be determined."
WMNH-Ge-1140210827d,"Didymoceras awajiense (Yabe, 1901)",III or IV,C,A,2,"Locality 1110 of Misaki & Maeda (2009, 2010)","Misaki & Maeda (2009, 2010), Misaki et al. (2014)",Sinistral,"The main coiled stage and the retroversal hook are preserved. However, this specimen is strongly deformed, and the morphotype could not be determined."
KMNH IvP 900056,"Didymoceras awajiense (Yabe, 1901)",III,C,B,5,Locality A1 of Misaki et al. (2014),Misaki et al. (2014),Dextral,The main coiled stage and the retroversal hook are preserved.
OMNH MI-2211,"Didymoceras awajiense (Yabe, 1901)",IV,C,B,5,Locality Aw1 of Morozumi (1985),"Morozumi (1985), Misaki et al. (2014)",Sinistral,The main coiled stage and the retroversal hook are preserved.
OMNH MI-2212,"Didymoceras awajiense (Yabe, 1901)",III,C,B,5,Locality Aw1 of Morozumi (1985),"Morozumi (1985), Misaki et al. (2014)",Dextral,The main coiled stage and the retroversal hook are preserved.
OMNH MI-2219,"Didymoceras awajiense (Yabe, 1901)",IV or V,C,B,5,Locality Aw1 of Morozumi (1985),Morozumi (1985),Dextral,The tight helical and main coiled stages are preserved. The morphotype could not be determined because the retroversal hook is not preserved.
OMNH MI-3167,"Didymoceras awajiense (Yabe, 1901)",IV or V,C,B,5,Around locality A1 of Misaki et al. (2014),--,Sinistral,The tight helical and main coiled stages are preserved. The morphotype could not be determined because the retroversal hook is not preserved. This specimen has very large shell size.
TKPM.GFI1315,"Didymoceras awajiense (Yabe, 1901)",IV,C,B,5,Around locality A1 of Misaki et al. (2014),--,Sinistral,The main coiled stage and the retroversal hook are preserved.
TKPM.GFI1316,"Didymoceras awajiense (Yabe, 1901)",IV,C,B,5,Around locality A1 of Misaki et al. (2014),--,Sinistral,The main coiled stage and the retroversal hook are preserved.
TKPM.GFI1319,"Didymoceras awajiense (Yabe, 1901)",III,C,B,5,Around locality A1 of Misaki et al. (2014),--,Sinistral,The main coiled stage and the retroversal hook are preserved.
WMNH-Ge-1141210002,"Didymoceras awajiense (Yabe, 1901)",IV or V,C,B,5,Around locality A1 of Misaki et al. (2014),--,Sinistral,The tight helical and main coiled stages are preserved. The morphotype could not be determined because the retroversal hook is not preserved.
KMNH IvP 900001,"Pravitoceras sigmoidale Yabe, 1902",VI or VIII,D,B,6,Locality N22 of Misaki et al. (2014),Misaki et al. (2014),Unknown,"The part of the main coiled stage and the retroversal hook are preserved, and the growth direction of the retroversal hook is bended from the plane of the main coiled stage. However, the morphotype could not be determined because the coiling direction of this specimen is indeterminable."
KMNH IvP 900002,"Pravitoceras sigmoidale Yabe, 1902","VI, VII or VIII",D,B,6,Locality N17 of Misaki et al. (2014),Misaki et al. (2014),Unknown,"The main coiled stage and the retroversal hook are preserved. However, the morphotype could not be determined because of the deformation."
KMNH IvP 900003,"Pravitoceras sigmoidale Yabe, 1902",VI or VIII,D,B,6,Locality N17 of Misaki et al. (2014),Misaki et al. (2014),Unknown,"The main coiled stage and the retroversal hook are preserved, and the growth direction of the retroversal hook is bended from the plane of the main coiled stage. However, the morphotype could not be determined because the coiling direction of this specimen is indeterminable."
KMNH IvP 900004,"Pravitoceras sigmoidale Yabe, 1902",VI or VIII,D,B,6,Locality N12 of Misaki et al. (2014),Misaki et al. (2014),Unknown,"The main coiled stage and the retroversal hook are preserved, and the growth direction of the retroversal hook is bended from the plane of the main coiled stage. However, the morphotype could not be determined because the coiling direction of this specimen is indeterminable."
KMNH IvP 900005,"Pravitoceras sigmoidale Yabe, 1902",VII,D,B,6,Locality N3 of Misaki et al. (2014),Misaki et al. (2014),Unknown,"The main coiled stage and the retroversal hook are preserved. The last part of the main coiled stage and the retroversal hook of this specimen is not deformed strongly, and the main coiled stage and the retroversal hook are located on the almost same plane."
KMNH IvP 900006,"Pravitoceras sigmoidale Yabe, 1902","VI, VII or VIII",D,B,6,Locality N13 of Misaki et al. (2014),Misaki et al. (2014),Unknown,"The main coiled stage and the retroversal hook are preserved. However, the morphotype could not be determined because of the deformation."
KMNH IvP 900007,"Pravitoceras sigmoidale Yabe, 1902","VI, VII or VIII",D,B,6,Locality N9 of Misaki et al. (2014),Misaki et al. (2014),Unknown,"The main coiled stage and the retroversal hook are preserved. However, the morphotype could not be determined because of the deformation."
KMNH IvP 900008,"Pravitoceras sigmoidale Yabe, 1902",VI or VIII,D,B,6,Locality N11 of Misaki et al. (2014),Misaki et al. (2014),Unknown,"The part of the main coiled stage and the retroversal hook are preserve, and the growth direction of the retroversal hook is bended from the plane of the main coiled stage. However, the morphotype could not be determined because the coiling direction of this specimen is indeterminable."
KMNH IvP 900009,"Pravitoceras sigmoidale Yabe, 1902",VI or VIII,D,B,6,Locality N20 of Misaki et al. (2014),Misaki et al. (2014),Unknown,"The main coiled stage and the retroversal hook are preserved, and the growth direction of the retroversal hook is bended from the plane of the main coiled stage. However, the morphotype could not be determined because the coiling direction of this specimen is indeterminable."
KMNH IvP 900010,"Pravitoceras sigmoidale Yabe, 1902","VI, VII or VIII",D,B,6,Locality N2 of Misaki et al. (2014),Misaki et al. (2014),Unknown,"The main coiled stage and the retroversal hook are preserved. However, the morphotype could not be determined because of the deformation. This specimen has very large shell size."
KMNH IvP 900011,"Pravitoceras sigmoidale Yabe, 1902","VI, VII or VIII",D,B,6,Locality A4 of Misaki et al. (2014),Misaki et al. (2014),Unknown,"The main coiled stage and the retroversal hook are preserved. However, the morphotype could not be determined because of the deformation."
KMNH IvP 900012,"Pravitoceras sigmoidale Yabe, 1902",VI or VIII,D,B,6,Locality N9 of Misaki et al. (2014),Misaki et al. (2014),Unknown,"The part of the main coiled stage and the retroversal hook are preserved, and the growth direction of the retroversal hook is bended from the plane of the main coiled stage. However, this specimen is strongly deformed, and its coiling direction is indeterminable. Therefore, the morphotype could not be determined."
KMNH IvP 900013,"Pravitoceras sigmoidale Yabe, 1902",VI or VIII,D,B,6,Locality A5 of Misaki et al. (2014),Misaki et al. (2014),Unknown,"The main coiled stage and the retroversal hook are preserved, and the growth direction of the retroversal hook is bended from the plane of the main coiled stage. However, the morphotype could not be determined because the coiling direction of this specimen is indeterminable."
KMNH IvP 900014,"Pravitoceras sigmoidale Yabe, 1902",VIII,D,B,6,Locality N1 of Misaki et al. (2014),"Misaki et al. (2014), Tanabe et al. (2015)",Sinistral,"The late part of the tight helical stage, the main coiled stage and the retroversal hook are well preserved, and the growth direction of the retroversal hook is bended from the plane of the main coiled stage."
KMNH IvP 900015,"Pravitoceras sigmoidale Yabe, 1902",VI or VIII,D,B,6,Locality M2 of Misaki et al. (2014),Misaki et al. (2014),Unknown,"The main coiled stage and the retroversal hook are preserved, and the growth direction of the retroversal hook is bended from the plane of the main coiled stage. However, the morphotype could not be determined because the coiling direction of this specimen is indeterminable."
KMNH IvP 900016,"Pravitoceras sigmoidale Yabe, 1902",VIII,D,B,6,Locality N1 of Misaki et al. (2014),Misaki et al. (2014),Dextral,"The main coiled stage and the early part of the retroversal hook are well preserved, and the growth direction of the retroversal hook is bended from the plane of the main coiled stage."
KMNH IvP 900017,"Pravitoceras sigmoidale Yabe, 1902","VI, VII or VIII",D,B,6,Locality A5 of Misaki et al. (2014),Misaki et al. (2014),Unknown,"The main coiled stage and the retroversal hook are preserved. However, this specimen is strongly deformed, and the part of the shell is not preserved. Therefore, the morphotype could not be determined."
KMNH IvP 900018,"Pravitoceras sigmoidale Yabe, 1902","VI, VII or VIII",D,B,6,Locality N8 of Misaki et al. (2014),Misaki et al. (2014),Unknown,"The main coiled stage and the retroversal hook are preserved. However, the morphotype could not be determined because of the deformation."
KMNH IvP 900019,"Pravitoceras sigmoidale Yabe, 1902",VI or VIII,D,B,6,Locality N7 of Misaki et al. (2014),Misaki et al. (2014),Unknown,"The main coiled stage and the retroversal hook are preserved, and the growth direction of the retroversal hook is bended from the plane of the main coiled stage. However, the morphotype could not be determined because the coiling direction of this specimen is indeterminable."
KMNH IvP 900020,"Pravitoceras sigmoidale Yabe, 1902",VI or VIII,D,B,6,Locality M6 of Misaki et al. (2014),Misaki et al. (2014),Unknown,"The main coiled stage and the retroversal hook are preserved, and the growth direction of the retroversal hook is bended from the plane of the main coiled stage. However, this specimen is strongly deformed, and its coiling direction is indeterminable. Therefore, the morphotype could not be determined."
KMNH IvP 900021,"Pravitoceras sigmoidale Yabe, 1902","VI, VII or VIII",D,B,6,Locality N14 of Misaki et al. (2014),Misaki et al. (2014),Unknown,The main coiled stage and the early part of the retroversal hook are preserved. The morphotype could not be determined because most of the retroversal hook is not preserved.
KMNH IvP 900036,"Pravitoceras sigmoidale Yabe, 1902","VI, VII or VIII",D,B,6,Locality N10 of Misaki et al. (2014),Misaki et al. (2014),Sinistral,The tight helical stage is preserved. The morphotype could not be determined because the main coiled stage and the retroversal hook are not preserved.
OMNH MI-2177,"Pravitoceras sigmoidale Yabe, 1902","VI, VII or VIII",D,B,6,Minato,"Matsumoto et al. (1981), Morozumi (1985), Matsunaga et al. (2008),  Misaki et al. (2014), Yoshino & Matsuoka (2016)",Dextral,"The main coiled stage and the retroversal hook are preserved. However, the original positional relationship between the main coiled stage and the retroversal hook of this specimen could not be determined in detail due to a crack at the early part of the retroversal hook, and the morphotype could not be certainly determined."
OMNH MI-2178,"Pravitoceras sigmoidale Yabe, 1902","VI, VII or VIII",D,B,6,Minato,"Matsumoto et al. (1981), Misaki et al. (2014), Yoshino & Matsuoka (2016)",Unknown,"The main coiled stage and the retroversal hook are preserved. However, the morphotype could not be determined because the retroversal hook of this specimen is strongly deformed."
TKPM.GFI1443 (= GLKU. IZ-80003 of Matsumoto et al. 1981),"Pravitoceras sigmoidale Yabe, 1902",VI,D,B,7,Komori,"Matsumoto et al. (1981), Bando & Hashimoto (1984), Morozumi (2007), Tanabe et al. (2015)",Sinistral,"The main coiled stage and the retroversal hook are well preserved, and the growth direction of the retroversal hook is bended from the plane of the main coiled stage."
KMNH: Kitakyushu Museum of Natural History and Human History,,"I: loose helical early whorls, relatively tight helical middle whorls and a retroversal hook located right around the helical part",A: Didymoceras morozumii-bearing beds,A: around Mt. Toyajo in the Kii Peninsula,1: Ogawa,,,,
OMNH: Osaka Museum of Natural History,,"II: loose helical early whorls, relatively tight helical middle whorls and a retroversal hook pendent from the helical part",B: lower part of the Didymoceras awajiense-bearing beds,B: region from northeastern Shikoku to southwestern Awaji Island,2: Hasegawa,,,,
TKPM: Tokushima Prefectural Museum,,"III: loose helical very early whorls, tight helical early whorls, relatively tight helical middle whorls and a U-shaped retroversal hook suspended right below the helix",C: upper part of the Didymoceras awajiense-bearing beds,,"3: around Nagano, Onara, Kurokawa, Omatsu and Suekuni",,,,
WMNH: Wakayama Prefectural Museum of Natural History,,"IV: relatively tight helical early whorls, relatively tight to very loose helical middle whorls and a U-shaped retroversal hook suspended right below the helix",D: Pravitoceras sigmoidale-bearing beds,,"4: around Senzoku, Kawamata, Minamino, Sakamoto and Nagahama",,,,
,,"V: relatively tight helical early whorls, relatively loose to very loose helical middle whorls and a U-shaped retroversal hook directed obliquely below the helix",,,5: northern part of Anaga (Kiba),,,,
,,"VI: relatively tight helical early whorls, planispiral middle whorls and a slightly less than 180 degrees twisted retroversal hook",,,"6: around Anaga, Nakano and Minato",,,,
,,"VII: relatively tight helical early whorls, planispiral middle whorls and an almost just 180 degrees twisted retroversal hook",,,7: Komori,,,,
,,"VIII: relatively tight helical early whorls, planispiral middle whorls and a slightly more than 180 degrees twisted retroversal hook",,,,,,,
